{
    "settings": [
        {
            "xlim": [-0.748766713922161, -0.748766707771757],
            "ylim": [0.123640844894862, 0.123640851045266],
            "maxIterations": 500,
            "gridSize": 1000,
            "colorMap": "cool"
        }
    ]
}